Produto,Marca,Unidade,Preco,Local,Cidade,Estado
Geladeira/Refrigerador Samsung Side By Side RS57 Inverter 560L Prata 110V,Samsung,UN,5921.91,GBarbosa,Aracaju,SE
Lava e Seca Samsung Smart Digital Inverter WD13T504DBN/AZ 13kg Inox Look 127V,Samsung,UN,4229.91,GBarbosa,Aracaju,SE
Lavadora Samsung Digital Inverter WW11T4040BX 11Kg Inox Look 110V,Samsung,UN,3007.91,GBarbosa,Aracaju,SE
Smart TV 50 Polegadas Samsung LED 50U8600 Xbox Crystal UHD 4K Tizen,Samsung,UN,2161.91,GBarbosa,Aracaju,SE
Smart TV 32 Polegadas Samsung LED UN32H5000FGXZD HD,Samsung,UN,1033.91,GBarbosa,Aracaju,SE
Smartphone Samsung Galaxy A06 128GB 4GB Branco,Samsung,UN,939.91,GBarbosa,Aracaju,SE
Smart TV 65 Polegadas Samsung LED 65U8100 Xbox Crystal UHD 4K Tizen,Samsung,UN,3289.91,GBarbosa,Aracaju,SE
Smart TV 70 Polegadas Samsung LED 70U8500 Xbox Crystal UHD 4K Tizen,Samsung,UN,3571.91,GBarbosa,Aracaju,SE
Lava e Seca Samsung WD11A4453BXF 11Kg Prata 110V,Samsung,UN,3759.91,GBarbosa,Aracaju,SE
Lavadora Samsung Digital Inverter WW11T4040BE 11Kg Branca 110V,Samsung,UN,2725.91,GBarbosa,Aracaju,SE
Smart TV LED Samsung 55 Polegadas 55U8600F UHD,Samsung,UN,2537.91,GBarbosa,Aracaju,SE
Smart TV 43 Polegadas Samsung LED UN43U86 UHD 4K,Samsung,UN,1879.91,GBarbosa,Aracaju,SE
Lava e Seca Samsung WD11 Eco Bubble Inverter 11Kg Branca 110V,Samsung,UN,3477.91,GBarbosa,Aracaju,SE
Smartphone Samsung Galaxy A16 4G 128GB 4GB Preto,Samsung,UN,1278.38,GBarbosa,Aracaju,SE
Smartphone Samsung Galaxy A56 5G 256GB 8GB Preto,Samsung,UN,2725.06,GBarbosa,Aracaju,SE
Smartphone Samsung Galaxy A06 128GB 4GB Azul Escuro,Samsung,UN,798.98,GBarbosa,Aracaju,SE
Smartphone Samsung Galaxy A05S 128GB 6GB Preto,Samsung,UN,845.06,GBarbosa,Aracaju,SE
Leite em Pó Integral Ninho Forti+ Pacote Leve 750g Pague 700g,Ninho,UN,44.99,GBarbosa,Aracaju,SE
Composto Lácteo Ninho Forti+ Fibras Sachê 750g,Ninho,UN,46.99,GBarbosa,Aracaju,SE
Leite em Pó Ninho Integral Instantâneo Sachê 750g,Ninho,UN,48.99,GBarbosa,Aracaju,SE
Abacaxi em Calda Oderich 400g,Oderich,UN,31.99,GBarbosa,Aracaju,SE
Açafrão (Aprox. 1Kg),-,KG,89.99,GBarbosa,Aracaju,SE
Açafrão-da-Terra Kitano Pacote 50g,Kitano,UN,10.99,GBarbosa,Aracaju,SE
Aceto Balsâmico Paganini 500ml,Paganini,UN,41.99,GBarbosa,Aracaju,SE
Achocolatado 3 Corações Chocolate Sachê 200g,3 Corações,UN,6.59,GBarbosa,Aracaju,SE
Achocolatado em Cápsula Nescafé Dolce Gusto Galak 10 Cápsulas 180g,Nescafé,UN,28.49,GBarbosa,Aracaju,SE
Achocolatado em Cápsula Nescafé Dolce Gusto Kopenhagen Língua de Gato 162,5g (10 un),Nescafé,UN,29.99,GBarbosa,Aracaju,SE
Achocolatado em Pó 3 Corações Chocolatto Lata 350g,3 Corações,UN,13.29,GBarbosa,Aracaju,SE
Achocolatado em Pó 3 Corações Chocolatto Pacote 400g,3 Corações,UN,12.49,GBarbosa,Aracaju,SE
Achocolatado em Pó 3 Corações Chocolatto Pacote 560g,3 Corações,UN,15.99,GBarbosa,Aracaju,SE
Achocolatado em Pó 3 Corações Chocolatto Pacote 900g,3 Corações,UN,27.99,GBarbosa,Aracaju,SE
Achocolatado em Pó 3 Corações Cremoso Pote 180g,3 Corações,UN,21.99,GBarbosa,Aracaju,SE
Achocolatado em Pó 3 Corações Chocolatto Sachê 700g,3 Corações,UN,20.99,GBarbosa,Aracaju,SE
Achocolatado em Pó GBarbosa 400g,GBarbosa,UN,7.49,GBarbosa,Aracaju,SE
Achocolatado em Pó GBarbosa 800g,GBarbosa,UN,14.99,GBarbosa,Aracaju,SE
Achocolatado em Pó Gold Premium Diet Pote 200g,Gold,UN,24.99,GBarbosa,Aracaju,SE
